{
  "cooldowns": {
    "binance:TAO:15m": 1784355689.5802035,
    "binance:DOGE:15m": 1784877457.451934,
    "binance:PEPE:15m": 1784877457.9360812,
    "binance:JASMY:15m": 1784618392.025628,
    "binance:FIL:5m": 1784236635.77879,
    "binance:AR:15m": 1784074399.4149451,
    "binance:FLOKI:5m": 1784095169.382011,
    "binance:NEAR:5m": 1784855333.3831048,
    "binance:DOGE:5m": 1784095170.1257834,
    "binance:WLD:5m": 1784738698.4232805,
    "binance:INJ:15m": 1784855333.879252,
    "binance:ONDO:15m": 1784877458.3849664,
    "binance:JASMY:5m": 1784151610.8763793,
    "binance:LINK:5m": 1784223974.660826,
    "binance:CFG:15m": 1784151611.6605496,
    "binance:ONDO:5m": 1784877459.3649683,
    "binance:SKY:5m": 1784807416.706084,
    "binance:SOL:5m": 1784877461.2230222,
    "binance:NEAR:15m": 1784296965.4259367,
    "binance:SOL:15m": 1784877456.9815075,
    "binance:BONK:15m": 1784296966.683464,
    "binance:AVAX:5m": 1784306791.2350786,
    "binance:APT:5m": 1784877461.695137,
    "binance:PEPE:5m": 1784392639.8701732,
    "binance:PENDLE:15m": 1784410493.8600583,
    "binance:APT:15m": 1784417794.2884617,
    "binance:LINK:15m": 1784877459.8302171,
    "binance:TAO:5m": 1784475497.491749,
    "binance:BOME:5m": 1784573491.2620974,
    "binance:ARKM:15m": 1784814606.6670523,
    "binance:CFG:5m": 1784719192.5992813,
    "binance:HNT:5m": 1784725031.020634,
    "binance:AR:5m": 1784738698.847116,
    "binance:SEI:5m": 1784807417.2209332,
    "binance:BONK:5m": 1784867518.6616518,
    "binance:THETA:5m": 1784877456.476224,
    "binance:AVAX:15m": 1784877458.8746073,
    "binance:FET:5m": 1784877460.2930741,
    "binance:ARKM:5m": 1784877460.7614117,
    "binance:WIF:15m": 1784877462.169255,
    "binance:FLOKI:15m": 1784877462.6289947
  },
  "dex_history": {}
}