{
  "cooldowns": {
    "binance:TAO:15m": 1784355689.5802035,
    "binance:DOGE:15m": 1784033597.7667377,
    "binance:PEPE:15m": 1784240951.8388762,
    "binance:JASMY:15m": 1784618392.025628,
    "binance:FIL:5m": 1784236635.77879,
    "binance:AR:15m": 1784074399.4149451,
    "binance:FLOKI:5m": 1784095169.382011,
    "binance:NEAR:5m": 1784095169.744658,
    "binance:DOGE:5m": 1784095170.1257834,
    "binance:WLD:5m": 1784116658.1266909,
    "binance:INJ:15m": 1784336774.5735495,
    "binance:ONDO:15m": 1784701016.5237606,
    "binance:JASMY:5m": 1784151610.8763793,
    "binance:LINK:5m": 1784223974.660826,
    "binance:CFG:15m": 1784151611.6605496,
    "binance:ONDO:5m": 1784435711.281321,
    "binance:SKY:5m": 1784250161.0078607,
    "binance:SOL:5m": 1784423468.4982755,
    "binance:NEAR:15m": 1784296965.4259367,
    "binance:SOL:15m": 1784560867.6059601,
    "binance:BONK:15m": 1784296966.683464,
    "binance:AVAX:5m": 1784306791.2350786,
    "binance:APT:5m": 1784320349.9271865,
    "binance:PEPE:5m": 1784392639.8701732,
    "binance:PENDLE:15m": 1784410493.8600583,
    "binance:APT:15m": 1784417794.2884617,
    "binance:LINK:15m": 1784423468.1820672,
    "binance:TAO:5m": 1784475497.491749,
    "binance:BOME:5m": 1784573491.2620974,
    "binance:ARKM:15m": 1784701016.0290027,
    "binance:CFG:5m": 1784719192.5992813
  },
  "dex_history": {}
}