{
  "cooldowns": {
    "binance:TAO:15m": 1784244462.2282786,
    "binance:DOGE:15m": 1784033597.7667377,
    "binance:PEPE:15m": 1784240951.8388762,
    "binance:JASMY:15m": 1784063696.3189878,
    "binance:FIL:5m": 1784236635.77879,
    "binance:AR:15m": 1784074399.4149451,
    "binance:FLOKI:5m": 1784095169.382011,
    "binance:NEAR:5m": 1784095169.744658,
    "binance:DOGE:5m": 1784095170.1257834,
    "binance:WLD:5m": 1784116658.1266909,
    "binance:INJ:15m": 1784116658.797249,
    "binance:ONDO:15m": 1784206367.266549,
    "binance:JASMY:5m": 1784151610.8763793,
    "binance:LINK:5m": 1784223974.660826,
    "binance:CFG:15m": 1784151611.6605496,
    "binance:ONDO:5m": 1784228708.4530318
  },
  "dex_history": {}
}